<?xml version="1.0" encoding="UTF-8"?>
<groups>
<group id="1" name="player" access="0" maxdepotitems="0" maxvipentries="0" />
		<group id="2" name="Tutor" access="1" maxdepotitems="0" maxvipentries="200" >
		<flags>
			<flag talkorangehelpchannel="1" />
			<flag cannotbemuted="1" />
		</flags>
	</group>

	<group id="3" name="Sennior Tutor" access="1" maxdepotitems="0" maxvipentries="200" >
		<flags>
			<flag talkorangehelpchannel="1" />
			<flag cannotbemuted="1" />
		</flags>
	</group>

	<group id="4" name="gamemaster" access="1" maxdepotitems="0" maxvipentries="200" >
		<flags>
			<flag cannotusecombat="1" />
			<flag cannotattackplayer="1" />
			<flag cannotattackmonster="1" />
			<flag cannotbeattacked="1" />
			<flag canconvinceall="1" />
			<flag cansummonall="1" />
			<flag canillusionall="1" />
			<flag cansenseinvisibility="1" />
			<flag ignoredbymonsters="1" />
			<flag notgaininfight="1" />
			<flag hasinfinitemana="1" />
			<flag hasinfinitesoul="1" />
			<flag hasnoexhaustion="1" />
			<flag canalwayslogin="1" />
			<flag cannotbepushed="1" />
			<flag hasinfinitecapacity="1" />
			<flag cannotpushallcreatures="1" />
			<flag cantalkredprivate="1" />
			<flag cantalkredchannel="1" />
			<flag talkorangehelpchannel="1" />
			<flag notgainexperience="1" />
			<flag notgainmana="1" />
			<flag notgainhealth="1" />
			<flag notgainskill="1" />
			<flag setmaxspeed="1" />
			<flag specialvip="1" />
			<flag notgenerateloot="1" />
			<flag cantalkredchannelanonymous="1" />
			<flag ignoreprotectionzone="1" />
			<flag ignorespellcheck="1" />
			<flag ignoreweaponcheck="1" />
			<flag cannotbemuted="1" />
			<flag isalwayspremium="1" />
		</flags>
	</group>
	<group id="5" name="Community Manager" access="1" maxdepotitems="0" maxvipentries="200" >
		<flags>
			<flag cannotusecombat="1" />
			<flag cannotattackplayer="1" />
			<flag cannotattackmonster="1" />
			<flag cannotbeattacked="1" />
			<flag canconvinceall="1" />
			<flag cansummonall="1" />
			<flag canillusionall="1" />
			<flag cansenseinvisibility="1" />
			<flag ignoredbymonsters="1" />
			<flag notgaininfight="1" />
			<flag hasinfinitemana="1" />
			<flag hasinfinitesoul="1" />
			<flag hasnoexhaustion="1" />
			<flag canalwayslogin="1" />
			<flag canedithouses="1" />
			<flag cannotbebanned="1" />
			<flag cannotbepushed="1" />
			<flag hasinfinitecapacity="1" />
			<flag cannotpushallcreatures="1" />
			<flag cantalkredprivate="1" />
			<flag cantalkredchannel="1" />
			<flag talkorangehelpchannel="1" />
			<flag notgainexperience="1" />
			<flag notgainmana="1" />
			<flag notgainhealth="1" />
			<flag notgainskill="1" />
			<flag setmaxspeed="1" />
			<flag specialvip="1" />
			<flag notgenerateloot="1" />
			<flag cantalkredchannelanonymous="1" />
			<flag ignoreprotectionzone="1" />
			<flag ignorespellcheck="1" />
			<flag ignoreweaponcheck="1" />
			<flag cannotbemuted="1" />
			<flag isalwayspremium="1" />
		</flags>
	</group>
		<group id="6" name="ADM" access="1" maxdepotitems="0" maxvipentries="200" >
		<flags>
			<flag cannotusecombat="0" />
			<flag cannotattackplayer="1" />
			<flag cannotattackmonster="0" />
			<flag cannotbeattacked="1" />
			<flag canconvinceall="1" />
			<flag cansummonall="1" />
			<flag canillusionall="1" />
			<flag cansenseinvisibility="1" />
			<flag ignoredbymonsters="1" />
			<flag notgaininfight="1" />
			<flag hasinfinitemana="1" />
			<flag hasinfinitesoul="1" />
			<flag hasnoexhaustion="1" />
			<flag canalwayslogin="1" />
			<flag canedithouses="1" />
			<flag cannotbebanned="1" />
			<flag cannotbepushed="1" />
			<flag hasinfinitecapacity="1" />
			<flag cannotpushallcreatures="1" />
			<flag cantalkredprivate="1" />
			<flag cantalkredchannel="1" />
			<flag talkorangehelpchannel="1" />
			<flag notgainexperience="1" />
			<flag notgainmana="1" />
			<flag notgainhealth="1" />
			<flag notgainskill="1" />
			<flag setmaxspeed="1" />
			<flag specialvip="1" />
			<flag notgenerateloot="0" />
			<flag cantalkredchannelanonymous="1" />
			<flag ignoreprotectionzone="1" />
			<flag ignorespellcheck="0" />
			<flag ignoreweaponcheck="0" />
			<flag cannotbemuted="1" />
			<flag isalwayspremium="1" />
		</flags>
	</group>
</groups>
